image_name,character_name,integer_label
10072.png,Dogbert,0
10101.png,Dogbert,0
1020.png,Dilbert,1
10237.png,Dilbert,1
10310.png,Carol,2
10353.png,Alice,3
1040.png,Dilbert,1
10527.png,Dogbert,0
10678.png,Boss,4
10792.png,Alice,3
10953.png,Dilbert,1
10955.png,Dilbert,1
11046.png,Dogbert,0
11127.png,Alice,3
11154.png,Dilbert,1
11301.png,Boss,4
11311.png,Wally,5
1145.png,Dilbert,1
11532.png,Wally,5
11624.png,Dogbert,0
11630.png,Dilbert,1
11642.png,Dilbert,1
11689.png,Carol,2
1172.png,Dilbert,1
11728.png,Dilbert,1
11776.png,Alice,3
11920.png,Dilbert,1
11957.png,Carol,2
12004.png,Dilbert,1
12045.png,Dilbert,1
1213.png,Dogbert,0
12195.png,Dilbert,1
1220.png,Dogbert,0
12248.png,Dogbert,0
12249.png,Dilbert,1
1235.png,Dilbert,1
12365.png,Boss,4
12417.png,Dilbert,1
12432.png,Dogbert,0
12439.png,Dilbert,1
12472.png,Dilbert,1
12508.png,Dogbert,0
12531.png,Dilbert,1
12570.png,Dilbert,1
12618.png,Dilbert,1
12670.png,Boss,4
12738.png,Dogbert,0
12775.png,Dilbert,1
12823.png,Dilbert,1
12838.png,Boss,4
12894.png,Dilbert,1
13028.png,Dilbert,1
13036.png,Boss,4
13068.png,Dilbert,1
13075.png,Alice,3
13129.png,Alice,3
13135.png,Alice,3
13160.png,Wally,5
13205.png,Alice,3
13206.png,Dilbert,1
13211.png,Boss,4
13260.png,Ratbert,6
13261.png,Dilbert,1
13282.png,Dogbert,0
13335.png,Dogbert,0
1335.png,Dogbert,0
13350.png,Alice,3
13495.png,Dogbert,0
13578.png,Bob,7
13587.png,Dilbert,1
13607.png,Dogbert,0
13629.png,Dogbert,0
13635.png,Dilbert,1
13710.png,Dilbert,1
13727.png,Dogbert,0
13794.png,Dogbert,0
13870.png,Dilbert,1
13879.png,Wally,5
1388.png,Dilbert,1
14043.png,Dilbert,1
14298.png,Dilbert,1
14302.png,Dilbert,1
14323.png,Wally,5
14394.png,Boss,4
14429.png,Boss,4
14498.png,Dogbert,0
14510.png,Tina,8
14552.png,Dilbert,1
14571.png,Ratbert,6
14694.png,Dilbert,1
14748.png,Boss,4
14760.png,Alice,3
14811.png,Dilbert,1
14855.png,Dogbert,0
14858.png,Dogbert,0
14892.png,Alice,3
14972.png,Dilbert,1
15071.png,Boss,4
15136.png,Dilbert,1
15258.png,Dilbert,1
1528.png,Garbageman,9
15368.png,Wally,5
15392.png,Dogbert,0
15450.png,Dogbert,0
15452.png,Boss,4
15597.png,Dogbert,0
15643.png,Wally,5
15726.png,Dilbert,1
15815.png,Dogbert,0
15897.png,Dilbert,1
15982.png,Alice,3
15983.png,Dilbert,1
16028.png,Dogbert,0
16079.png,Boss,4
16092.png,Dilbert,1
1610.png,Dogbert,0
16106.png,Alice,3
16119.png,Boss,4
1617.png,Dogbert,0
16190.png,Boss,4
16209.png,Ratbert,6
16250.png,Carol,2
16334.png,Dilbert,1
16341.png,Boss,4
16426.png,Garbageman,9
16446.png,Dogbert,0
16450.png,Garbageman,9
16459.png,Dogbert,0
16511.png,Dilbert,1
16547.png,Dilbert,1
16611.png,Dilbert,1
16632.png,Wally,5
16660.png,Boss,4
16673.png,Dilbert,1
16696.png,Ratbert,6
16704.png,Dogbert,0
16745.png,Dogbert,0
16754.png,Dilbert,1
1676.png,Dilbert,1
16793.png,Dilbert,1
16849.png,Carol,2
16886.png,Dilbert,1
1689.png,Dilbert,1
16903.png,Dilbert,1
16972.png,Boss,4
17090.png,Dilbert,1
17125.png,Alice,3
17225.png,Dogbert,0
1724.png,Dogbert,0
17379.png,Dilbert,1
17390.png,Dilbert,1
17414.png,Dilbert,1
17497.png,Alice,3
17533.png,Alice,3
17569.png,Wally,5
17629.png,Dogbert,0
17639.png,Dogbert,0
17858.png,Dilbert,1
17874.png,Dilbert,1
17950.png,Carol,2
18000.png,Ratbert,6
18034.png,Dilbert,1
18043.png,Boss,4
18084.png,Dogbert,0
18097.png,Dogbert,0
18138.png,Dilbert,1
18160.png,Boss,4
18182.png,Boss,4
18203.png,Dilbert,1
18209.png,Wally,5
18223.png,Dilbert,1
18257.png,Dogbert,0
18275.png,Wally,5
18277.png,Wally,5
18280.png,Dilbert,1
18298.png,Dogbert,0
18318.png,Boss,4
18409.png,Dilbert,1
18414.png,Dilbert,1
18529.png,Ratbert,6
18582.png,Dilbert,1
18608.png,Dilbert,1
18712.png,Ratbert,6
18728.png,Wally,5
18814.png,Wally,5
18818.png,Alice,3
18834.png,Dilbert,1
18916.png,Ratbert,6
1894.png,Dogbert,0
18966.png,Carol,2
18967.png,Dilbert,1
19028.png,Dogbert,0
19061.png,Wally,5
19063.png,Boss,4
19068.png,Dilbert,1
19102.png,Dilbert,1
19104.png,Dogbert,0
19136.png,Dilbert,1
19197.png,Dilbert,1
19251.png,Dilbert,1
19294.png,Boss,4
19307.png,Alice,3
19354.png,Ratbert,6
19380.png,Dilbert,1
19383.png,Dogbert,0
19390.png,Dilbert,1
19451.png,Dilbert,1
1946.png,Dilbert,1
19478.png,Wally,5
19511.png,Boss,4
19537.png,Boss,4
19567.png,Dilbert,1
1960.png,Dilbert,1
19694.png,Wally,5
19700.png,Dilbert,1
19702.png,Dilbert,1
19716.png,Boss,4
1972.png,Dogbert,0
19761.png,Dilbert,1
19795.png,Boss,4
19796.png,Alice,3
19835.png,Carol,2
19841.png,Boss,4
19864.png,Dilbert,1
19887.png,Dilbert,1
19905.png,Carol,2
19972.png,Boss,4
19990.png,Dilbert,1
20081.png,Dilbert,1
20100.png,Wally,5
20134.png,Dilbert,1
20187.png,Boss,4
20202.png,Boss,4
20210.png,Dilbert,1
20229.png,Boss,4
20274.png,Boss,4
20284.png,Carol,2
20303.png,Wally,5
204.png,Dogbert,0
20406.png,Dilbert,1
20453.png,Boss,4
20504.png,Asok,10
20585.png,Dilbert,1
20592.png,Wally,5
20628.png,Dilbert,1
20646.png,Wally,5
20663.png,Dilbert,1
20675.png,Dilbert,1
20689.png,Dilbert,1
20690.png,Wally,5
20698.png,Boss,4
20741.png,Wally,5
20745.png,Wally,5
20757.png,Dilbert,1
20782.png,Boss,4
20785.png,Wally,5
20801.png,Boss,4
20803.png,Wally,5
20814.png,Dilbert,1
2085.png,Dogbert,0
20852.png,Dilbert,1
20949.png,Boss,4
20953.png,Boss,4
21.png,Dogbert,0
2105.png,Dilbert,1
21122.png,Boss,4
21144.png,Dogbert,0
21174.png,Wally,5
21175.png,Dilbert,1
21190.png,Boss,4
21226.png,Ratbert,6
21244.png,Ratbert,6
21261.png,Ratbert,6
21263.png,Boss,4
2129.png,Dilbert,1
21331.png,Boss,4
21531.png,Boss,4
21559.png,Boss,4
2162.png,Dogbert,0
21632.png,Wally,5
21674.png,Dilbert,1
21831.png,Dilbert,1
21858.png,Alice,3
21887.png,Boss,4
21926.png,Dilbert,1
22023.png,Wally,5
22028.png,Wally,5
2204.png,Dilbert,1
22066.png,Alice,3
22072.png,Alice,3
22081.png,Boss,4
22086.png,Alice,3
2214.png,Dilbert,1
22225.png,Alice,3
22295.png,Dilbert,1
2230.png,Carol,2
22330.png,Dilbert,1
22339.png,Dilbert,1
22353.png,Boss,4
22380.png,Dilbert,1
22383.png,Dilbert,1
22400.png,Dilbert,1
22438.png,Dilbert,1
2255.png,Carol,2
2263.png,Carol,2
22635.png,Carol,2
22640.png,Dogbert,0
22666.png,Dilbert,1
22688.png,Carol,2
22761.png,Dogbert,0
22811.png,Wally,5
22831.png,Boss,4
22850.png,Dilbert,1
23008.png,Boss,4
23093.png,Dogbert,0
23134.png,Boss,4
23138.png,Boss,4
23189.png,Wally,5
2325.png,Dogbert,0
23251.png,Alice,3
23258.png,Dilbert,1
23297.png,Wally,5
23305.png,Wally,5
23433.png,Dilbert,1
23447.png,Boss,4
23479.png,Dilbert,1
23481.png,Dilbert,1
23492.png,Dilbert,1
23532.png,Alice,3
23533.png,Dilbert,1
23538.png,Wally,5
23544.png,Wally,5
23556.png,Dilbert,1
23566.png,Dogbert,0
23633.png,Boss,4
23636.png,Dilbert,1
23667.png,Dilbert,1
23711.png,Ratbert,6
23718.png,Ratbert,6
23793.png,Boss,4
2393.png,Boss,4
23935.png,Dilbert,1
23964.png,Dilbert,1
23968.png,Boss,4
24101.png,Dilbert,1
24144.png,Dilbert,1
24233.png,Dilbert,1
24247.png,Wally,5
24280.png,Bob,7
24338.png,Ratbert,6
24353.png,Ratbert,6
24388.png,Dilbert,1
2439.png,Garbageman,9
24399.png,Catbert,11
24499.png,Dogbert,0
2460.png,Dilbert,1
24680.png,Dogbert,0
24759.png,Ratbert,6
24848.png,Wally,5
24859.png,Dilbert,1
24889.png,Carol,2
24993.png,Boss,4
2506.png,Dilbert,1
25065.png,Alice,3
25087.png,Carol,2
25164.png,Boss,4
25201.png,Wally,5
25308.png,Dilbert,1
25331.png,Dilbert,1
25336.png,Dilbert,1
25383.png,Wally,5
25432.png,Wally,5
25461.png,Wally,5
25471.png,Wally,5
25508.png,Bob,7
25524.png,Dilbert,1
25537.png,Dilbert,1
25574.png,Dilbert,1
25596.png,Catbert,11
25645.png,Dilbert,1
25650.png,Boss,4
25663.png,Alice,3
25689.png,Dilbert,1
25777.png,Wally,5
25893.png,Dilbert,1
25909.png,Garbageman,9
25947.png,Boss,4
26026.png,Dilbert,1
26031.png,Dilbert,1
26157.png,Dogbert,0
26193.png,Dogbert,0
26251.png,Wally,5
26362.png,Boss,4
26387.png,Dilbert,1
26470.png,Dogbert,0
26471.png,Dilbert,1
26494.png,Dogbert,0
26499.png,Dogbert,0
26576.png,Alice,3
26583.png,Boss,4
26757.png,Dogbert,0
26764.png,Boss,4
26970.png,Dogbert,0
27014.png,Boss,4
2703.png,Dilbert,1
27043.png,Dilbert,1
27108.png,Dogbert,0
27136.png,Dilbert,1
27145.png,Dilbert,1
27156.png,Dilbert,1
27257.png,Dogbert,0
27266.png,Dogbert,0
27337.png,Alice,3
27338.png,Wally,5
27408.png,Asok,10
27473.png,Dilbert,1
27538.png,Ratbert,6
27560.png,Dogbert,0
27574.png,Alice,3
27622.png,Dogbert,0
27626.png,Dogbert,0
27649.png,Dilbert,1
27702.png,Boss,4
27707.png,Wally,5
27724.png,Dogbert,0
27739.png,Boss,4
27815.png,Dilbert,1
27843.png,Boss,4
27871.png,Catbert,11
27889.png,Boss,4
27994.png,Catbert,11
28061.png,Wally,5
28209.png,Ratbert,6
28245.png,Boss,4
28363.png,Dogbert,0
28388.png,Wally,5
28433.png,Carol,2
28631.png,Dilbert,1
28674.png,Dilbert,1
28708.png,Dilbert,1
28726.png,Ratbert,6
28739.png,Ratbert,6
28743.png,Ratbert,6
28796.png,Dilbert,1
28830.png,Boss,4
28844.png,Wally,5
28845.png,Dilbert,1
28899.png,Boss,4
28903.png,Catbert,11
28907.png,Wally,5
28963.png,Alice,3
29070.png,Wally,5
29075.png,Wally,5
29096.png,Dogbert,0
29111.png,Dilbert,1
29125.png,Dilbert,1
29166.png,Carol,2
29213.png,Dilbert,1
29262.png,Boss,4
29268.png,Wally,5
29295.png,Dogbert,0
29319.png,Alice,3
29396.png,Wally,5
29441.png,Boss,4
29517.png,Wally,5
29539.png,Dogbert,0
29576.png,Dogbert,0
29599.png,Boss,4
29651.png,Dilbert,1
29656.png,Dogbert,0
29879.png,Alice,3
29960.png,Boss,4
29963.png,Alice,3
29969.png,Dilbert,1
29994.png,Dilbert,1
300.png,Dogbert,0
30154.png,Dilbert,1
30193.png,Catbert,11
30223.png,Carol,2
30353.png,Boss,4
30373.png,Dilbert,1
30379.png,Dilbert,1
30445.png,Dilbert,1
30559.png,Boss,4
30699.png,Wally,5
30711.png,Ratbert,6
30727.png,Asok,10
30740.png,Alice,3
30766.png,Dogbert,0
30996.png,Garbageman,9
3105.png,Dogbert,0
31062.png,Boss,4
31100.png,Alice,3
3116.png,Dilbert,1
31201.png,Asok,10
31225.png,Dilbert,1
31299.png,Boss,4
3137.png,Dogbert,0
31432.png,Asok,10
31513.png,Boss,4
31519.png,Alice,3
31572.png,Alice,3
31585.png,Boss,4
31587.png,Boss,4
31591.png,Carol,2
31607.png,Carol,2
31612.png,Dilbert,1
31656.png,Dilbert,1
31799.png,Dogbert,0
31830.png,Dilbert,1
3188.png,Dilbert,1
3201.png,Dilbert,1
32134.png,Boss,4
32135.png,Dilbert,1
32154.png,Boss,4
32198.png,Dilbert,1
32210.png,Garbageman,9
32294.png,Asok,10
32326.png,Carol,2
32366.png,Asok,10
32435.png,Wally,5
32441.png,Dilbert,1
32448.png,Dilbert,1
32455.png,Boss,4
3257.png,Dogbert,0
32593.png,Alice,3
32599.png,Wally,5
32663.png,Dilbert,1
32704.png,Dilbert,1
32788.png,Alice,3
32821.png,Carol,2
32822.png,Alice,3
32832.png,Wally,5
32833.png,Alice,3
32913.png,Dogbert,0
32915.png,Dogbert,0
32970.png,Asok,10
3301.png,Dogbert,0
33016.png,Alice,3
33121.png,Wally,5
3314.png,Dilbert,1
33202.png,Dilbert,1
33210.png,Asok,10
33239.png,Dilbert,1
33250.png,Asok,10
33294.png,Boss,4
33301.png,Wally,5
33339.png,Alice,3
33357.png,Dilbert,1
33359.png,Boss,4
33420.png,Dilbert,1
33424.png,Ratbert,6
33468.png,Ratbert,6
33559.png,Dilbert,1
33564.png,Dogbert,0
33568.png,Dogbert,0
33590.png,Boss,4
33663.png,Dilbert,1
33754.png,Boss,4
33789.png,Dogbert,0
33834.png,Dilbert,1
33852.png,Wally,5
33861.png,Wally,5
33919.png,Wally,5
33926.png,Alice,3
33930.png,Alice,3
33951.png,Dogbert,0
3396.png,Dilbert,1
3403.png,Dilbert,1
34111.png,Dilbert,1
34256.png,Dogbert,0
34326.png,Wally,5
34370.png,Dilbert,1
34484.png,Dilbert,1
34499.png,Carol,2
3455.png,Dilbert,1
34550.png,Boss,4
34635.png,Alice,3
34654.png,Dilbert,1
34725.png,Dilbert,1
34731.png,Dilbert,1
34833.png,Dogbert,0
34862.png,Dilbert,1
34916.png,Asok,10
35010.png,Dogbert,0
3511.png,Dogbert,0
35128.png,Dilbert,1
3516.png,Dilbert,1
35182.png,Boss,4
35229.png,Dogbert,0
35261.png,Wally,5
35278.png,Boss,4
35518.png,Asok,10
35530.png,Alice,3
35566.png,Dilbert,1
35624.png,Wally,5
35627.png,Boss,4
35706.png,Wally,5
35786.png,Ratbert,6
35811.png,Dogbert,0
35833.png,Boss,4
35852.png,Wally,5
35905.png,Wally,5
35915.png,Ratbert,6
35917.png,Ratbert,6
35980.png,Dogbert,0
36085.png,Dilbert,1
36117.png,Dogbert,0
36130.png,Dilbert,1
36214.png,Dilbert,1
36234.png,Boss,4
36294.png,Dogbert,0
36340.png,Boss,4
36344.png,Dilbert,1
36358.png,Wally,5
36418.png,Wally,5
36439.png,Dilbert,1
36451.png,Wally,5
36452.png,Dogbert,0
36483.png,Dogbert,0
36577.png,Dilbert,1
36654.png,Alice,3
36665.png,Wally,5
36773.png,Catbert,11
36894.png,Boss,4
36905.png,Wally,5
36906.png,Dilbert,1
36925.png,Catbert,11
36938.png,Dilbert,1
36944.png,Dilbert,1
36976.png,Alice,3
37013.png,Wally,5
37105.png,Alice,3
37127.png,Wally,5
37137.png,Dilbert,1
37219.png,Dilbert,1
37280.png,Boss,4
37353.png,Alice,3
37455.png,Dogbert,0
37553.png,Dogbert,0
37643.png,Alice,3
37797.png,Dilbert,1
37816.png,Alice,3
37831.png,Wally,5
37864.png,Dilbert,1
37883.png,Dilbert,1
37888.png,Wally,5
37927.png,Dilbert,1
38015.png,Dilbert,1
3802.png,Dogbert,0
38086.png,Wally,5
38094.png,Dogbert,0
38108.png,Dogbert,0
38229.png,Catbert,11
38245.png,Wally,5
38353.png,Dilbert,1
38366.png,Alice,3
38370.png,Dilbert,1
38405.png,Dilbert,1
38407.png,Boss,4
38471.png,Alice,3
38498.png,Boss,4
38529.png,Dilbert,1
38579.png,Wally,5
38583.png,Wally,5
38681.png,Dilbert,1
38687.png,Boss,4
38759.png,Tina,8
3882.png,Dilbert,1
38826.png,Boss,4
38941.png,Dilbert,1
38950.png,Dilbert,1
39036.png,Dilbert,1
39039.png,Dilbert,1
39051.png,Alice,3
39106.png,Ratbert,6
39191.png,Asok,10
39223.png,Boss,4
39239.png,Dilbert,1
3932.png,Dilbert,1
39333.png,Dogbert,0
39424.png,Dilbert,1
39486.png,Dogbert,0
39493.png,Dogbert,0
39632.png,Alice,3
39662.png,Dogbert,0
3969.png,Carol,2
39694.png,Boss,4
39699.png,Alice,3
398.png,Dogbert,0
39817.png,Tina,8
39844.png,Tina,8
39877.png,Dilbert,1
3996.png,Dogbert,0
40119.png,Boss,4
40324.png,Dilbert,1
40327.png,Boss,4
40393.png,Dogbert,0
40459.png,Boss,4
40471.png,Dilbert,1
40479.png,Dilbert,1
4051.png,Dilbert,1
40581.png,Boss,4
40658.png,Catbert,11
40682.png,Alice,3
40717.png,Wally,5
40770.png,Wally,5
40923.png,Wally,5
40974.png,Alice,3
41054.png,Boss,4
41067.png,Boss,4
41114.png,Dogbert,0
41191.png,Dilbert,1
4131.png,Dilbert,1
41328.png,Dilbert,1
41390.png,Catbert,11
41404.png,Wally,5
41528.png,Boss,4
41557.png,Dilbert,1
41567.png,Boss,4
4157.png,Carol,2
41596.png,Dilbert,1
41613.png,Boss,4
41722.png,Boss,4
41757.png,Wally,5
41795.png,Dogbert,0
418.png,Dogbert,0
41802.png,Dilbert,1
41874.png,Dilbert,1
41878.png,Dilbert,1
41911.png,Alice,3
41957.png,Wally,5
41974.png,Asok,10
420.png,Dogbert,0
42042.png,Boss,4
42219.png,Dogbert,0
42233.png,Dilbert,1
42253.png,Dilbert,1
42262.png,Dilbert,1
42423.png,Alice,3
42428.png,Boss,4
42532.png,Wally,5
42536.png,Wally,5
42550.png,Wally,5
42582.png,Boss,4
4265.png,Dilbert,1
42729.png,Boss,4
42746.png,Asok,10
4284.png,Dilbert,1
42861.png,Garbageman,9
42935.png,Tina,8
42959.png,Catbert,11
4296.png,Dogbert,0
42967.png,Catbert,11
42992.png,Dilbert,1
43083.png,Wally,5
43138.png,Garbageman,9
4315.png,Dogbert,0
43228.png,Boss,4
43372.png,Boss,4
43450.png,Dilbert,1
43470.png,Wally,5
43545.png,Boss,4
43568.png,Alice,3
43599.png,Dilbert,1
43603.png,Boss,4
43649.png,Alice,3
43725.png,Dogbert,0
43738.png,Dilbert,1
43769.png,Dilbert,1
43796.png,Alice,3
43933.png,Dilbert,1
43950.png,Wally,5
44069.png,Dilbert,1
44082.png,Boss,4
44089.png,Dilbert,1
44100.png,Dilbert,1
44162.png,Dilbert,1
44192.png,Dilbert,1
44220.png,Dilbert,1
44245.png,Dilbert,1
44294.png,Wally,5
44323.png,Boss,4
44339.png,Boss,4
44351.png,Wally,5
44382.png,Wally,5
44498.png,Wally,5
44540.png,Dogbert,0
44543.png,Wally,5
44561.png,Tina,8
44606.png,Alice,3
44682.png,Asok,10
44694.png,Wally,5
44730.png,Alice,3
44810.png,Boss,4
44814.png,Boss,4
44815.png,Dilbert,1
44871.png,Dilbert,1
44983.png,Wally,5
45034.png,Dilbert,1
45042.png,Boss,4
45082.png,Boss,4
45195.png,Wally,5
45237.png,Wally,5
45279.png,Boss,4
45342.png,Boss,4
4538.png,Boss,4
45525.png,Asok,10
45575.png,Boss,4
45623.png,Dogbert,0
4568.png,Dilbert,1
4570.png,Alice,3
45710.png,Boss,4
45750.png,Boss,4
45784.png,Boss,4
45812.png,Alice,3
45861.png,Alice,3
45888.png,Dogbert,0
45896.png,Dogbert,0
45950.png,Asok,10
46007.png,Asok,10
46016.png,Asok,10
46063.png,Dogbert,0
46073.png,Boss,4
46108.png,Dilbert,1
4613.png,Dogbert,0
4614.png,Dilbert,1
46152.png,Dilbert,1
46155.png,Boss,4
46166.png,Asok,10
462.png,Dilbert,1
46400.png,Dilbert,1
46460.png,Dilbert,1
46556.png,Alice,3
46557.png,Wally,5
46606.png,Dilbert,1
46613.png,Boss,4
46624.png,Dogbert,0
46678.png,Dilbert,1
46735.png,Alice,3
46819.png,Tina,8
4683.png,Dogbert,0
4685.png,Dilbert,1
47032.png,Boss,4
47063.png,Wally,5
4713.png,Dogbert,0
47138.png,Alice,3
47148.png,Dilbert,1
47262.png,Wally,5
47263.png,Dilbert,1
47273.png,Dilbert,1
47336.png,Dilbert,1
47349.png,Carol,2
4735.png,Dogbert,0
47391.png,Carol,2
47417.png,Boss,4
47422.png,Alice,3
47439.png,Boss,4
47489.png,Dilbert,1
47495.png,Boss,4
47535.png,Tina,8
47621.png,Boss,4
47664.png,Wally,5
47694.png,Boss,4
47700.png,Boss,4
47775.png,Dogbert,0
47787.png,Asok,10
47845.png,Dilbert,1
47859.png,Wally,5
47876.png,Alice,3
47987.png,Boss,4
48103.png,Boss,4
48162.png,Boss,4
48231.png,Boss,4
48246.png,Boss,4
48264.png,Boss,4
48282.png,Dilbert,1
4829.png,Dogbert,0
48419.png,Boss,4
48467.png,Boss,4
48586.png,Boss,4
48601.png,Dilbert,1
48605.png,Dilbert,1
48676.png,Alice,3
48806.png,Wally,5
48817.png,Dilbert,1
48869.png,Dilbert,1
48879.png,Wally,5
48937.png,Boss,4
48952.png,Boss,4
48962.png,Alice,3
48996.png,Catbert,11
49003.png,Catbert,11
49062.png,Asok,10
49076.png,Asok,10
49124.png,Ratbert,6
49272.png,Alice,3
49286.png,Wally,5
49295.png,Wally,5
49335.png,Asok,10
49357.png,Boss,4
49375.png,Carol,2
49470.png,Boss,4
49513.png,Dilbert,1
49592.png,Dilbert,1
49620.png,Dilbert,1
49769.png,Boss,4
49840.png,Dilbert,1
49862.png,Boss,4
50020.png,Wally,5
50021.png,Catbert,11
50036.png,Asok,10
50136.png,Boss,4
50221.png,Dilbert,1
50248.png,Dilbert,1
503.png,Dogbert,0
50368.png,Boss,4
50375.png,Wally,5
50385.png,Catbert,11
50477.png,Boss,4
50526.png,Dilbert,1
50548.png,Dilbert,1
50553.png,Alice,3
50707.png,Wally,5
50740.png,Wally,5
50748.png,Alice,3
50905.png,Dogbert,0
50930.png,Dogbert,0
50968.png,Alice,3
50984.png,Alice,3
50997.png,Boss,4
51001.png,Boss,4
5101.png,Dilbert,1
51160.png,Boss,4
51170.png,Wally,5
5124.png,Dilbert,1
51272.png,Dilbert,1
51293.png,Boss,4
51412.png,Dilbert,1
51534.png,Alice,3
51579.png,Boss,4
51665.png,Tina,8
51710.png,Garbageman,9
51850.png,Boss,4
51953.png,Wally,5
52073.png,Boss,4
52074.png,Wally,5
52100.png,Wally,5
52121.png,Dilbert,1
52135.png,Dilbert,1
52138.png,Dilbert,1
52319.png,Dilbert,1
52367.png,Boss,4
52397.png,Dilbert,1
52487.png,Alice,3
52510.png,Tina,8
52699.png,Dogbert,0
52700.png,Dilbert,1
52729.png,Dilbert,1
52735.png,Wally,5
52770.png,Dilbert,1
52821.png,Boss,4
52833.png,Dilbert,1
52890.png,Dilbert,1
52967.png,Boss,4
52983.png,Dilbert,1
53037.png,Dilbert,1
53115.png,Dilbert,1
53137.png,Boss,4
5316.png,Bob,7
53233.png,Boss,4
53241.png,Alice,3
53279.png,Alice,3
53287.png,Alice,3
53291.png,Alice,3
53307.png,Alice,3
53339.png,Carol,2
535.png,Dilbert,1
53505.png,Carol,2
53532.png,Dogbert,0
53534.png,Dilbert,1
53574.png,Boss,4
53667.png,Wally,5
53680.png,Ratbert,6
53704.png,Wally,5
53886.png,Boss,4
53926.png,Wally,5
53929.png,Boss,4
5395.png,Dogbert,0
53962.png,Dilbert,1
54061.png,Asok,10
54098.png,Asok,10
54113.png,Dilbert,1
54223.png,Dilbert,1
54246.png,Boss,4
54272.png,Dilbert,1
5433.png,Dogbert,0
54390.png,Alice,3
54425.png,Boss,4
54456.png,Boss,4
5454.png,Dilbert,1
54548.png,Boss,4
54565.png,Boss,4
54647.png,Dilbert,1
54657.png,Catbert,11
54703.png,Asok,10
5471.png,Dilbert,1
5473.png,Dilbert,1
54764.png,Boss,4
54806.png,Alice,3
54830.png,Wally,5
54854.png,Boss,4
54913.png,Wally,5
54982.png,Dogbert,0
55066.png,Dogbert,0
55193.png,Asok,10
55209.png,Boss,4
5522.png,Dilbert,1
55396.png,Dilbert,1
55399.png,Boss,4
55458.png,Alice,3
55518.png,Boss,4
55551.png,Boss,4
55565.png,Carol,2
55735.png,Dilbert,1
55774.png,Alice,3
55780.png,Tina,8
5590.png,Dilbert,1
56014.png,Tina,8
56052.png,Dilbert,1
56107.png,Asok,10
56124.png,Catbert,11
56135.png,Boss,4
56143.png,Boss,4
56159.png,Dogbert,0
56168.png,Dilbert,1
56294.png,Asok,10
56338.png,Boss,4
5634.png,Dogbert,0
56360.png,Dilbert,1
56505.png,Dilbert,1
56509.png,Carol,2
56566.png,Boss,4
56626.png,Catbert,11
56637.png,Carol,2
56653.png,Carol,2
56663.png,Tina,8
56719.png,Wally,5
56792.png,Tina,8
56826.png,Boss,4
56845.png,Boss,4
56846.png,Wally,5
56866.png,Boss,4
5687.png,Dogbert,0
56948.png,Wally,5
57038.png,Alice,3
5706.png,Dogbert,0
57103.png,Boss,4
57109.png,Boss,4
57152.png,Dilbert,1
57159.png,Asok,10
57183.png,Dilbert,1
57350.png,Boss,4
57377.png,Dilbert,1
5745.png,Dilbert,1
57487.png,Boss,4
57575.png,Boss,4
57580.png,Boss,4
57684.png,Wally,5
57698.png,Alice,3
57796.png,Alice,3
57809.png,Alice,3
57922.png,Wally,5
57993.png,Dilbert,1
58002.png,Boss,4
58034.png,Alice,3
58048.png,Alice,3
58053.png,Wally,5
58063.png,Boss,4
58124.png,Wally,5
58128.png,Boss,4
58190.png,Wally,5
58197.png,Boss,4
58267.png,Boss,4
58293.png,Wally,5
58308.png,Wally,5
58414.png,Dilbert,1
58418.png,Dilbert,1
58488.png,Boss,4
58492.png,Boss,4
58696.png,Alice,3
58715.png,Alice,3
588.png,Dilbert,1
58917.png,Dilbert,1
58963.png,Alice,3
59120.png,Tina,8
59152.png,Dilbert,1
59178.png,Carol,2
59234.png,Boss,4
59235.png,Dilbert,1
59321.png,Dilbert,1
59428.png,Alice,3
59508.png,Dilbert,1
59533.png,Boss,4
59545.png,Boss,4
59586.png,Dogbert,0
59608.png,Boss,4
59632.png,Wally,5
59654.png,Dilbert,1
59740.png,Alice,3
59805.png,Boss,4
59948.png,Boss,4
59967.png,Tina,8
59981.png,Boss,4
60011.png,Dilbert,1
6006.png,Dilbert,1
60100.png,Asok,10
60125.png,Dilbert,1
60151.png,Alice,3
60159.png,Alice,3
60179.png,Dilbert,1
60193.png,Boss,4
6033.png,Dilbert,1
60340.png,Dilbert,1
60373.png,Asok,10
60440.png,Dilbert,1
60468.png,Dogbert,0
60483.png,Dogbert,0
60512.png,Boss,4
606.png,Dilbert,1
60655.png,Dilbert,1
60670.png,Catbert,11
60733.png,Dilbert,1
60742.png,Dilbert,1
6076.png,Dilbert,1
60777.png,Dilbert,1
60897.png,Asok,10
60919.png,Boss,4
60969.png,Boss,4
61002.png,Dogbert,0
61043.png,Dilbert,1
61048.png,Dilbert,1
61067.png,Boss,4
61108.png,Dilbert,1
61156.png,Boss,4
61259.png,Alice,3
61323.png,Boss,4
61348.png,Boss,4
6142.png,Dilbert,1
61479.png,Boss,4
61488.png,Tina,8
61577.png,Dilbert,1
61727.png,Carol,2
61734.png,Wally,5
61764.png,Dilbert,1
61776.png,Dilbert,1
61791.png,Boss,4
61803.png,Asok,10
61933.png,Alice,3
61963.png,Carol,2
6222.png,Garbageman,9
6223.png,Dilbert,1
6263.png,Dilbert,1
6341.png,Ratbert,6
6346.png,Dogbert,0
6585.png,Dilbert,1
6633.png,Boss,4
6684.png,Dilbert,1
6759.png,Dilbert,1
6798.png,Boss,4
6835.png,Dilbert,1
6932.png,Ratbert,6
6937.png,Dogbert,0
7065.png,Dilbert,1
7223.png,Dilbert,1
7270.png,Dilbert,1
7293.png,Dogbert,0
7327.png,Boss,4
7347.png,Dilbert,1
7354.png,Dilbert,1
7392.png,Wally,5
7543.png,Dilbert,1
7574.png,Dogbert,0
759.png,Dilbert,1
762.png,Dogbert,0
7682.png,Dogbert,0
7811.png,Dogbert,0
7817.png,Dogbert,0
8007.png,Dogbert,0
8121.png,Dilbert,1
8270.png,Dilbert,1
830.png,Dogbert,0
8362.png,Dilbert,1
837.png,Dogbert,0
8378.png,Dogbert,0
8469.png,Dogbert,0
8479.png,Dilbert,1
8505.png,Dilbert,1
8542.png,Dilbert,1
8600.png,Dilbert,1
8646.png,Dilbert,1
8657.png,Boss,4
873.png,Dogbert,0
8769.png,Dilbert,1
8776.png,Dogbert,0
8821.png,Dilbert,1
8876.png,Dogbert,0
888.png,Dogbert,0
8961.png,Dilbert,1
9005.png,Dilbert,1
9030.png,Dogbert,0
9053.png,Dogbert,0
9073.png,Dilbert,1
9123.png,Wally,5
9133.png,Boss,4
9338.png,Dogbert,0
9358.png,Dilbert,1
9381.png,Dilbert,1
9498.png,Dilbert,1
9509.png,Dilbert,1
9513.png,Dilbert,1
953.png,Dilbert,1
9540.png,Dilbert,1
9542.png,Dilbert,1
9544.png,Dilbert,1
9603.png,Dilbert,1
9618.png,Dogbert,0
9768.png,Dilbert,1
9840.png,Ratbert,6
9848.png,Ratbert,6
9881.png,Dogbert,0
9884.png,Dogbert,0
9934.png,Ratbert,6
9972.png,Boss,4
9980.png,Dogbert,0
9987.png,Dilbert,1
